{"_wandb":{"runtime":1},"_timestamp":1.7363411510565379e+09,"_runtime":1.076298785,"_step":7,"acc":0.806522491786446,"loss":0.18370072879239166}